www.ebay.com//24416,www.ebay.com//53562
www.ebay.com//42037,www.ebay.com//53562
www.ebay.com//43543,www.ebay.com//53562
www.ebay.com//43785,www.ebay.com//53562
www.ebay.com//44044,www.ebay.com//53562
www.ebay.com//44644,www.ebay.com//53562
www.ebay.com//45074,www.ebay.com//53562
www.ebay.com//45242,www.ebay.com//53562
www.ebay.com//45749,www.ebay.com//53562
www.ebay.com//47577,www.ebay.com//53562
www.ebay.com//47739,www.ebay.com//53562
www.ebay.com//48251,www.ebay.com//53562
www.ebay.com//48710,www.ebay.com//53562
www.ebay.com//52627,www.ebay.com//53562
www.ebay.com//52687,www.ebay.com//53562
www.ebay.com//53562,www.ebay.com//24416
www.ebay.com//53562,www.ebay.com//42037
www.ebay.com//53562,www.ebay.com//43543
www.ebay.com//53562,www.ebay.com//43785
www.ebay.com//53562,www.ebay.com//44044
www.ebay.com//53562,www.ebay.com//44644
www.ebay.com//53562,www.ebay.com//45074
www.ebay.com//53562,www.ebay.com//45242
www.ebay.com//53562,www.ebay.com//45749
www.ebay.com//53562,www.ebay.com//47577
www.ebay.com//53562,www.ebay.com//47739
www.ebay.com//53562,www.ebay.com//48251
www.ebay.com//53562,www.ebay.com//48710
www.ebay.com//53562,www.ebay.com//52627
www.ebay.com//53562,www.ebay.com//52687
www.ebay.com//53562,www.ebay.com//53718
www.ebay.com//53562,www.ebay.com//54359
www.ebay.com//53562,www.ebay.com//54611
www.ebay.com//53562,www.ebay.com//54797
www.ebay.com//53562,www.ebay.com//54950
www.ebay.com//53562,www.ebay.com//55277
www.ebay.com//53562,www.ebay.com//55534
www.ebay.com//53562,www.ebay.com//55745
www.ebay.com//53562,www.ebay.com//57118
www.ebay.com//53562,www.ebay.com//57702
www.ebay.com//53562,www.ebay.com//59301
www.ebay.com//53562,www.ebay.com//59544
www.ebay.com//53562,www.ebay.com//60617
www.ebay.com//53562,www.ebay.com//60842
www.ebay.com//53718,www.ebay.com//53562
www.ebay.com//54359,www.ebay.com//53562
www.ebay.com//54611,www.ebay.com//53562
www.ebay.com//54797,www.ebay.com//53562
www.ebay.com//54950,www.ebay.com//53562
www.ebay.com//55277,www.ebay.com//53562
www.ebay.com//55534,www.ebay.com//53562
www.ebay.com//55745,www.ebay.com//53562
www.ebay.com//57118,www.ebay.com//53562
www.ebay.com//57702,www.ebay.com//53562
www.ebay.com//59301,www.ebay.com//53562
www.ebay.com//59544,www.ebay.com//53562
www.ebay.com//60617,www.ebay.com//53562
www.ebay.com//60842,www.ebay.com//53562
